-- MySQL dump 10.13  Distrib 8.0.32, for Win64 (x86_64)
--
-- Host: localhost    Database: tccflipenem
-- ------------------------------------------------------
-- Server version	8.0.33

/*!40101 SET @OLD_CHARACTER_SET_CLIENT=@@CHARACTER_SET_CLIENT */;
/*!40101 SET @OLD_CHARACTER_SET_RESULTS=@@CHARACTER_SET_RESULTS */;
/*!40101 SET @OLD_COLLATION_CONNECTION=@@COLLATION_CONNECTION */;
/*!50503 SET NAMES utf8 */;
/*!40103 SET @OLD_TIME_ZONE=@@TIME_ZONE */;
/*!40103 SET TIME_ZONE='+00:00' */;
/*!40014 SET @OLD_UNIQUE_CHECKS=@@UNIQUE_CHECKS, UNIQUE_CHECKS=0 */;
/*!40014 SET @OLD_FOREIGN_KEY_CHECKS=@@FOREIGN_KEY_CHECKS, FOREIGN_KEY_CHECKS=0 */;
/*!40101 SET @OLD_SQL_MODE=@@SQL_MODE, SQL_MODE='NO_AUTO_VALUE_ON_ZERO' */;
/*!40111 SET @OLD_SQL_NOTES=@@SQL_NOTES, SQL_NOTES=0 */;

--
-- Table structure for table `areaconhe`
--

DROP TABLE IF EXISTS `areaconhe`;
/*!40101 SET @saved_cs_client     = @@character_set_client */;
/*!50503 SET character_set_client = utf8mb4 */;
CREATE TABLE `areaconhe` (
  `idArea` int NOT NULL AUTO_INCREMENT,
  `descArea` varchar(40) DEFAULT NULL,
  PRIMARY KEY (`idArea`)
) ENGINE=InnoDB AUTO_INCREMENT=5 DEFAULT CHARSET=utf8mb4 COLLATE=utf8mb4_0900_ai_ci;
/*!40101 SET character_set_client = @saved_cs_client */;

--
-- Dumping data for table `areaconhe`
--

LOCK TABLES `areaconhe` WRITE;
/*!40000 ALTER TABLE `areaconhe` DISABLE KEYS */;
INSERT INTO `areaconhe` VALUES (1,'Ciências Humanas e suas Tecnologias'),(2,'Ciências da Natureza e suas Tecnologias'),(3,'Linguagens, Códigos e suas Tecnologias'),(4,'Matemática e suas Tecnologias');
/*!40000 ALTER TABLE `areaconhe` ENABLE KEYS */;
UNLOCK TABLES;

--
-- Table structure for table `ifccurso`
--

DROP TABLE IF EXISTS `ifccurso`;
/*!40101 SET @saved_cs_client     = @@character_set_client */;
/*!50503 SET character_set_client = utf8mb4 */;
CREATE TABLE `ifccurso` (
  `idcurso` int NOT NULL AUTO_INCREMENT,
  `nomeCurso` varchar(100) DEFAULT NULL,
  PRIMARY KEY (`idcurso`)
) ENGINE=InnoDB AUTO_INCREMENT=7 DEFAULT CHARSET=utf8mb4 COLLATE=utf8mb4_0900_ai_ci;
/*!40101 SET character_set_client = @saved_cs_client */;

--
-- Dumping data for table `ifccurso`
--

LOCK TABLES `ifccurso` WRITE;
/*!40000 ALTER TABLE `ifccurso` DISABLE KEYS */;
INSERT INTO `ifccurso` VALUES (1,'Licenciatura em Matemática'),(2,'Técnico em Hospedagem Integrado ao Ensino Médio'),(3,'Técnico em Informática Integrado ao Ensino Médio'),(4,'Técnico em Informática para Internet Integrado ao Ensino Médio'),(5,'Tecnologia em Gestão de Turismo'),(6,'Tecnologia em Redes de Computadores');
/*!40000 ALTER TABLE `ifccurso` ENABLE KEYS */;
UNLOCK TABLES;

--
-- Table structure for table `questao`
--

DROP TABLE IF EXISTS `questao`;
/*!40101 SET @saved_cs_client     = @@character_set_client */;
/*!50503 SET character_set_client = utf8mb4 */;
CREATE TABLE `questao` (
  `idquest` int NOT NULL AUTO_INCREMENT,
  `anoquest` varchar(4) NOT NULL,
  `enunciado` varchar(5000) NOT NULL,
  `pergunta` varchar(1000) DEFAULT NULL,
  `img` varchar(50) DEFAULT NULL,
  `fonte` varchar(1000) NOT NULL,
  `quest1` varchar(1000) NOT NULL,
  `quest2` varchar(1000) NOT NULL,
  `quest3` varchar(1000) NOT NULL,
  `quest4` varchar(1000) NOT NULL,
  `quest5` varchar(1000) NOT NULL,
  `observacao` varchar(1000) DEFAULT NULL,
  `idarea` int DEFAULT NULL,
  `resultado` int NOT NULL,
  PRIMARY KEY (`idquest`),
  KEY `idarea_idx` (`idarea`),
  CONSTRAINT `idarea` FOREIGN KEY (`idarea`) REFERENCES `areaconhe` (`idArea`)
) ENGINE=InnoDB AUTO_INCREMENT=87 DEFAULT CHARSET=utf8mb4 COLLATE=utf8mb4_0900_ai_ci;
/*!40101 SET character_set_client = @saved_cs_client */;

--
-- Dumping data for table `questao`
--

LOCK TABLES `questao` WRITE;
/*!40000 ALTER TABLE `questao` DISABLE KEYS */;
INSERT INTO `questao` VALUES (1,'2009','Em um experimento, preparou-se um conjunto de plantas por técnica de clonagem a partir de uma planta original que apresentava folhas verdes. Esse conjunto foi dividido em dois grupos, que foram tratados de maneira idêntica, com exceção das condições de iluminação, sendo um grupo exposto a ciclos de iluminação solar natural e outro mantido no escuro.',' Após alguns dias, observou-se que o grupo exposto à luz apresentava folhas verdes como a planta original e o grupo cultivado no escuro apresentava folhas amareladas. ','200','','os genótipos e os fenótipos idênticos.','Os genótipos idênticos e os fenótipos diferentes.',' Diferenças nos genótipos e fenótipos.','O mesmo fenótipo e apenas dois genótipos diferentes.','O mesmo fenótipo e grande variedade de genótipos.','',2,2),(2,'2009','A atmosfera terrestre é composta pelos gases nitrogênio (N2) e oxigênio (O2), que somam cerca de 99%, e por gases traços, entre eles o gás carbônico (CO2), vapor de água (H2O), metano (CH4), ozônio (O3) e o óxido nitroso (N2O), que compõem o restante 1% do ar que respiramos. Os gases traços, por serem constituídos por pelo menos três átomos, conseguem absorver o calor irradiado pela Terra, aquecendo o planeta. Esse fenômeno, que acontece há bilhões de anos, é chamado de efeito estufa. A partir da Revolução Industrial (século XIX), a concentração de gases traços na atmosfera, em particular o CO2, tem aumentado significativamente, o que resultou no aumento da temperatura em escala global.',' Mais recentemente, outro fator tornou-se diretamente envolvido no aumento da concentração de CO2 na atmosfera: o desmatamento.','','BROWN, I. F.; ALECHANDRE, A. S. Conceitos básicos sobre clima, carbono, florestas e  comunidades. A.G. Moreira & S. Schwartzman. As mudanças climáticas globais e os ecossistemas brasileiros. Brasília: Instituto de Pesquisa Ambiental da Amazônia, 2000 (adaptado).',' reduzir o calor irradiado pela Terra mediante a substituição da produção primária pela industrialização refrigerada.','promover a queima da biomassa vegetal, responsável pelo aumento do efeito estufa devido à produção de CH4.',' reduzir o desmatamento, mantendo-se, assim, o potencial da vegetação em absorver o CO2 da atmosfera.','aumentar a concentração atmosférica de H2O, molécula capaz de absorver grande quantidade de calor.',' remover moléculas orgânicas polares da atmosfera, diminuindo a capacidade delas de reter calor.\n','',2,3),(3,'2009','Estima-se que haja atualmente no mundo 40 milhões de pessoas infectadas pelo HIV (o vírus que causa a AIDS), sendo que as taxas de novas infecções continuam crescendo, principalmente na África, Ásia e Rússia. Nesse cenário de pandemia, uma vacina contra o HIV teria imenso impacto, pois salvaria milhões de vidas. Certamente seria um marco na história planetária e também uma esperança para as populações carentes de tratamento antiviral e de acompanhamento médico.\n\n','Uma vacina eficiente contra o HIV deveria\n','','TANURI, A.; FERREIRA JUNIOR, O. C. Vacina contra Aids: desafios e esperanças. Ciência Hoje (44) 26, 2009 (adaptado).','Induzir a imunidade, para proteger o organismo da contaminação viral.\n','Ser capaz de alterar o genoma do organismo portador, induzindo a síntese de enzimas protetoras.','Produzir antígenos capazes de se ligarem ao vírus, impedindo que este entre nas células do organismo humano.\n','Ser amplamente aplicada em animais, visto que esses são os principais transmissores do vírus para os seres humanos.','Estimular a imunidade, minimizando a transmissão do vírus por gotículas de saliva.',' ',2,1),(4,'2009','Na linha de uma tradição antiga, o astrônomo grego Ptolomeu (100-170 d.C.) afirmou a tese do geocentrismo, segundo a qual a Terra seria o centro do universo, sendo que o Sol, a Lua e os planetas girariam em seu redor em órbitas circulares. A teoria de Ptolomeu resolvia de modo razoável os problemas astronômicos da sua época. Vários séculos mais tarde, o clérigo e astrônomo polonês Nicolau Copérnico (1473-1543), ao encontrar inexatidões na teoria de Ptolomeu, formulou a teoria do heliocentrismo, segundo a qual o Sol deveria ser considerado o centro do universo, com a Terra, a Lua e os planetas girando circularmente em torno dele. Por fim, o astrônomo e matemático alemão Johannes Kepler (1571-1630), depois de estudar o planeta Marte por cerca de trinta anos, verificou que a sua órbita é elíptica. Esse resultado generalizou-se para os demais planetas. ','A respeito dos estudiosos citados no texto, é correto afirmar que','','','Ptolomeu apresentou as ideias mais valiosas, por serem mais antigas e tradicionais.','Copérnico desenvolveu a teoria do heliocentrismo inspirado no contexto político do Rei Sol.','Copérnico viveu em uma época em que a pesquisa científica era livre e amplamente incentivada pelas autoridades.',' Kepler estudou o planeta Marte para atender às necessidades de expansão econômica e científica da Alemanha.',' Kepler apresentou uma teoria científica que, graças aos métodos aplicados, pôde ser testada e generalizada.','',2,5),(6,'2009','Supondo que seja necessário dar um título para essa figura, a alternativa que melhor traduziria o processo representado seria:\r\n',NULL,'Captura de tela 2023-05-10 095413.png','Disponível em: http//www.alcoologia.net. Acesso em: 15 jul. 2009 (adaptado).',' Concentração média de álcool no sangue ao longo do dia.','Variação da frequência da ingestão de álcool ao longo das horas.','Concentração mínima de álcool no sangue a partir de diferentes dosagens.','Estimativa de tempo necessário para metabolizar diferentes quantidades de álcool.','Representação gráfica da distribuição de frequência de álcool em determinada hora do dia.','',2,4),(7,'2009','O ciclo biogeoquímico do carbono compreende diversos compartimentos, entre os quais a Terra, a atmosfera e os oceanos, e diversos processos que permitem a transferência de compostos entre esses reservatórios. Os estoques de carbono armazenados na forma de recursos não renováveis, por exemplo, o petróleo, são limitados, sendo de grande relevância que se perceba a importância da substituição de combustíveis fósseis por combustíveis de fontes renováveis. \n\n','A utilização de combustíveis fósseis interfere no ciclo do carbono, pois provoca','','','Aumento da porcentagem de carbono contido na Terra.','Redução na taxa de fotossíntese dos vegetais superiores.','Aumento da produção de carboidratos de origem vegetal.','Aumento na quantidade de carbono presente na atmosfera.','Redução da quantidade global de carbono armazenado nos oceanos.','',2,4),(8,'2009','A economia moderna depende da disponibilidade de muita energia em diferentes formas, para funcionar e crescer. No Brasil, o consumo total de energia pelas indústrias cresceu mais de quatro vezes no período entre 1970 e 2005. Enquanto os investimentos em energias limpas e renováveis, como solar e eólica, ainda são incipientes, ao se avaliar a possibilidade de instalação de usinas geradoras de energia elétrica, diversos fatores devem ser levados em consideração, tais como os impactos causados ao ambiente e às populações locais. \n\n','Em uma situação hipotética, optou-se por construir uma usina hidrelétrica em região que abrange diversas quedas d’água em rios cercados por mata, alegando-se que causaria impacto ambiental muito menor que uma usina termelétrica. Entre os possíveis impactos da instalação de uma usina hidrelétrica nessa região, inclui-se\n','','RICARDO, B.; CAMPANILI, M. Almanaque Brasil Socioambiental. São Paulo: Instituto Socioambiental, 2007 (adaptado).','A poluição da água por metais da usina.',' A destruição do habitat de animais terrestres.','O aumento expressivo na liberação de CO2 para a atmosfera.','O consumo não renovável de toda água que passa pelas turbinas.','O  aprofundamento no leito do rio, com a menor deposição de resíduos no trecho de rio anterior à represa.','',2,2),(9,'2009','Um novo método para produzir insulina artificial que utiliza tecnologia de DNA recombinante foi desenvolvido por pesquisadores do Departamento de Biologia Celular da Universidade de Brasília (UnB) em parceria com a iniciativa privada. Os pesquisadores modificaram geneticamente a bactéria Escherichia coli para torná-la capaz de sintetizar o hormônio. O processo permitiu fabricar insulina em maior quantidade e em apenas 30 dias, um terço do tempo necessário para obtê-la pelo método tradicional, que consiste na extração do hormônio a partir do pâncreas de animais abatidos.  ','A produção de insulina pela técnica do DNA recombinante tem, como consequência,',NULL,'Ciência Hoje, 24 abr. 2001. Disponível em: http://cienciahoje.uol.com.br (adaptado).','O\'Aperfeiçoamento do processo de extração de insulina a partir do pâncreas suíno.','A seleção de microrganismos resistentes a antibióticos.','O progresso na técnica da síntese química de hormônios.','Impacto favorável na saúde de indivíduos diabéticos.','A criação de animais transgênicos.',NULL,2,4),(10,'2009','As mudanças climáticas e da vegetação ocorridas nos trópicos da América do Sul têm sido bem documentadas por diversos autores, existindo um grande acúmulo de evidências geológicas ou paleoclimatológicas que evidenciam essas mudanças ocorridas durante o Quaternário nessa região. Essas mudanças resultaram em restrição da distribuição das florestas pluviais, com expansões concomitantes de habitats não-florestais durante períodos áridos (glaciais), seguido da expansão das florestas pluviais e restrição das áreas não-florestais durante períodos úmidos (interglaciais).','Durante os períodos glaciais,\r\n\r\n','','Disponível em: http://zoo.bio.ufpr.br. Acesso em: 1 maio 2009.','as áreas não-florestais ficam restritas a refúgios ecológicos devido à baixa adaptabilidade de espécies não-florestais a ambientes áridos.',' grande parte da diversidade de espécies vegetais é reduzida, uma vez que necessitam de condições semelhantes a dos períodos interglaciais.',' a vegetação comum ao cerrado deve ter se limitado a uma pequena região do centro do Brasil, da qual se expandiu até atingir a atual distribuição.','plantas com adaptações ao clima árido, como o desenvolvimento de estruturas que reduzem a perda de água, devem apresentar maior área de distribuição.','florestas tropicais como a amazônica apresentam distribuição geográfica mais ampla, uma vez que são densas e diminuem a ação da radiação solar sobre o solo e reduzem os efeitos da aridez.','',2,4),(11,'2009','A fotossíntese é importante para a vida na Terra. Nos cloroplastos dos organismos fotossintetizantes, a energia solar é convertida em energia química que, juntamente com água e gás carbônico (CO2), é utilizada para a síntese de compostos orgânicos (carboidratos). A fotossíntese é o único processo de importância biológica capaz de realizar essa conversão. Todos os organismos, incluindo os produtores, aproveitam a energia armazenada nos carboidratos para impulsionar os processos celulares, liberando CO2 para a atmosfera e água para a célula por meio da respiração celular. Além disso, grande fração dos recursos energéticos do planeta, produzidos tanto no presente (biomassa) como em tempos remotos (combustível fóssil), é resultante da atividade fotossintética.','As informações sobre obtenção e transformação dos recursos naturais por meio dos processos vitais de fotossíntese e respiração, descritas no texto, permitem concluir que','','','o CO2 e a água são moléculas de alto teor energético.','os carboidratos convertem energia solar em energia química.','a vida na Terra depende, em última análise, da energia proveniente do Sol.','o processo respiratório é responsável pela retirada de carbono da atmosfera.','a produção de biomassa e de combustível fóssil, por si, é responsável pelo aumento de CO2 atmosférico.','',2,3),(12,'2009','Para que todos os órgãos do corpo humano funcionem em boas condições, é necessário que a temperatura do corpo fique sempre entre 36 oC e 37 oC. Para manter-se dentro dessa faixa, em dias de muito calor ou durante intensos exercícios físicos, uma série de mecanismos fisiológicos é acionada.','Pode-se citar como o principal responsável pela manutenção da temperatura corporal humana o sistema','','','digestório, pois produz enzimas que atuam na quebra de alimentos calóricos.','imunológico, pois suas células agem no sangue, diminuindo a condução do calor.','nervoso, pois promove a sudorese, que permite perda de calor por meio da evaporação da água.','reprodutor, pois secreta hormônios que alteram a temperatura, principalmente durante a menopausa.','endócrino, pois fabrica anticorpos que, por sua vez, atuam na variação do diâmetro dos vasos periféricos.','',2,3),(14,'2009','Sabões são sais de ácidos carboxílicos de cadeia longa utilizados com a finalidade de facilitar, durante processos de lavagem, a remoção de substâncias de baixa solubilidade em água, por exemplo, óleos e gorduras. A figura a seguir representa a estrutura de uma molécula de sabão.  Em solução, os ânions do sabão podem hidrolisar a água e, desse modo, formar o ácido carboxílico correspondente. Por exemplo, para o estearato de sódio, é estabelecido o seguinte equilíbrio: CH3(CH2)16COO–  + H2O <=>  CH3(CH2)16COOH + OH– Uma vez que o ácido carboxílico formado é pouco solúvel em água e menos eficiente na remoção de gorduras, o pH do meio deve ser controlado de maneira a evitar que o equilíbrio acima seja deslocado para a direita. (Imagem a seguir)','Com base nas informações do texto, é correto concluir que os sabões atuam de maneira','Captura de tela 2023-05-25 110835.png','','mais eficiente em pH básico.','mais eficiente em pH ácido.','mais eficiente em pH neutro.','eficiente em qualquer faixa de pH.','mais eficiente em pH ácido ou neutro.','',2,1),(15,'2009','A abertura e a pavimentação de rodovias em zonas rurais e regiões afastadas dos centros urbanos, por um lado, possibilita melhor acesso e maior integração entre as comunidades, contribuindo com o desenvolvimento social e urbano de populações isoladas. Por outro lado, a construção de rodovias pode trazer impactos indesejáveis ao meio ambiente, visto que a abertura de estradas pode resultar na fragmentação de habitats, comprometendo o fluxo gênico e as interações entre espécies silvestres, além de prejudicar o fluxo natural de rios e riachos, possibilitar o ingresso de espécies exóticas em ambientes naturais e aumentar a pressão antrópica sobre os ecossistemas nativos.','Nesse contexto, para conciliar os interesses aparentemente contraditórios entre o progresso social e urbano e a conservação do meio ambiente, seria razoável','','','impedir a abertura e a pavimentação de rodovias em áreas rurais e em regiões preservadas, pois a qualidade de vida e as tecnologias encontradas nos centros urbanos são prescindíveis às populações rurais.','impedir a abertura e a pavimentação de rodovias em áreas rurais e em regiões preservadas, promovendo a migração das populações rurais para os centros urbanos, onde a qualidade de vida é melhor.','permitir a abertura e a pavimentação de rodovias apenas em áreas rurais produtivas, haja vista que nas demais áreas o retorno financeiro necessário para produzir uma melhoria na qualidade de vida da região não é garantido.','permitir a abertura e a pavimentação de rodovias, desde que comprovada a sua real necessidade e após a realização de estudos que demonstrem ser possível contornar ou compensar seus impactos ambientais.','permitir a abertura e a pavimentação de rodovias, haja vista que os impactos ao meio ambiente são temporários e podem ser facilmente revertidos com as tecnologias existentes para recuperação de áreas degradadas.','',2,4),(16,'2009','A eficiência de um processo de conversão de energia é definida como a razão entre a produção de energia ou trabalho útil e o total de entrada de energia no processo. A figura mostra um processo com diversas etapas. Nesse caso, a eficiência geral será igual ao produto das eficiências das etapas individuais. A entrada de energia que não se transforma em trabalho útil é perdida sob formas não utilizáveis (como resíduos de calor).','Aumentar a eficiência dos processos de conversão de energia implica economizar recursos e combustíveis. Das propostas seguintes, qual resultará em maior aumento da eficiência geral do processo?','Captura de tela 2023-05-25 111514.png','HINRICHS, R. A. Energia e Meio Ambiente. São Paulo: Pioneira Thomson Learning, 2003 (adaptado).','Aumentar a quantidade de combustível para queima na usina de força.','Utilizar lâmpadas incandescentes, que geram pouco calor e muita luminosidade.','Manter o menor número possível de aparelhos elétricos em funcionamento nas moradias.','Utilizar cabos com menor diâmetro nas linhas de transmissão a fim de economizar o material condutor.','Utilizar materiais com melhores propriedades condutoras nas linhas de transmissão e lâmpadas fluorescentes nas moradias.','',2,4),(17,'2009','Para que apresente condutividade elétrica adequada a muitas aplicações, o cobre bruto obtido por métodos térmicos é purificado eletroliticamente. Nesse processo, o cobre bruto impuro constitui o ânodo da célula, que está imerso em uma solução de CuSO4. À medida que o cobre impuro é oxidado no ânodo, íons Cu2+ da solução são depositados na forma pura no cátodo. Quanto às impurezas metálicas, algumas são oxidadas, passando à solução, enquanto outras simplesmente se desprendem do ânodo e se sedimentam abaixo dele. As impurezas sedimentadas são posteriormente processadas, e sua comercialização gera receita que ajuda a cobrir os custos do processo. A série eletroquímica a seguir lista o cobre e alguns metais presentes como impurezas no cobre bruto de acordo com suas forças redutoras relativas.','Entre as impurezas metálicas que constam na série apresentada, as que se sedimentam abaixo do ânodo de cobre são','Captura de tela 2023-05-25 111705.png','','Au, Pt, Ag, Zn, Ni e Pb.','Au, Pt e Ag.','Zn, Ni e Pb.','Au e Zn.','Ag e Pb.','',2,2),(18,'2009','A figura seguinte representa um modelo de transmissão da informação genética nos sistemas biológicos. No fim do processo, que inclui a replicação, a transcrição e a tradução, há três formas proteicas diferentes denominadas a, b e c.','Depreende-se do modelo que','Captura de tela 2023-05-25 111947.png','','a única molécula que participa da produção de proteínas é o DNA.','o fluxo de informação genética, nos sistemas biológicos, é unidirecional.','as fontes de informação ativas durante o processo de transcrição são as proteínas.','é possível obter diferentes variantes proteicas a partir de um mesmo produto de transcrição.','a molécula de DNA possui forma circular e as demais moléculas possuem forma de fita simples linearizadas.','',2,4),(19,'2009','O Brasil pode se transformar no primeiro país das Américas a entrar no seleto grupo das nações que dispõem de trens-bala. O Ministério dos Transportes prevê o lançamento do edital de licitação internacional para a construção da ferrovia de alta velocidade Rio-São Paulo. A viagem ligará os 403 quilômetros entre a Central do Brasil, no Rio, e a Estação da Luz, no centro da capital paulista, em uma hora e 25 minutos.','Devido à alta velocidade, um dos problemas a ser enfrentado na escolha do trajeto que será percorrido pelo trem é o dimensionamento das curvas. Considerando-se que uma aceleração lateral confortável para os passageiros e segura para o trem seja de 0,1 g, em que g é a aceleração da gravidade (considerada igual a 10 m/s2 ), e que a velocidade do trem se mantenha constante em todo o percurso, seria correto prever que as curvas existentes no trajeto deveriam ter raio de curvatura mínimo de, aproximadamente,','','Disponível em: http://oglobo.globo.com. Acesso em: 14 jul. 2009.','80 m.','430 m.','800 m.','1.600 m.','6.400 m.','',2,5),(20,'2009','O manual de instruções de um aparelho de ar- condicionado apresenta a seguinte tabela, com dados  técnicos para diversos modelos:','Considere-se que um auditório possua capacidade para 40 pessoas, cada uma produzindo uma quantidade média de calor, e que praticamente todo o calor que flui para fora  do auditório o faz por meio dos aparelhos de ar- condicionado. Nessa situação, entre as informações  listadas, aquelas essenciais para se determinar quantos e/ou quais aparelhos de ar-condicionado são precisos para manter, com lotação máxima, a temperatura interna do auditório agradável e constante, bem como determinar a espessura da fiação do circuito elétrico para a ligação desses aparelhos, são','Captura de tela 2023-05-25 112310.png','Disponível em: http://www.institucional.brastemp.com.br. Acesso em: 13 jul. 2009 (adaptado).','vazão de ar e potência.','vazão de ar e corrente elétrica - ciclo frio.','eficiência energética e potência.','capacidade de refrigeração e frequência.','capacidade de refrigeração e corrente elétrica - ciclo frio.','',2,5),(21,'2009','A instalação elétrica de uma casa envolve várias  etapas, desde a alocação dos dispositivos, instrumentos e  aparelhos elétricos, até a escolha dos materiais que a  compõem, passando pelo dimensionamento da potência  requerida, da fiação necessária, dos eletrodutos*, entre  outras.   Para cada aparelho elétrico existe um valor de  potência associado. Valores típicos de potências para  alguns aparelhos elétricos são apresentados no quadro  seguinte: ','Obs.: Para efeitos dos cálculos das áreas, as paredes são  desconsideradas.  Considerando a planta baixa fornecida, com todos os  aparelhos em funcionamento, a potência total, em watts,  será de','Captura de tela 2023-06-15 141443.png','','4.070','4.270. ','4.320','4.390','4.470','',2,4),(22,'2009','O esquema mostra um diagrama de bloco de uma estação  geradora de eletricidade abastecida por combustível fóssil. ','Se fosse necessário melhorar o rendimento dessa usina,  que forneceria eletricidade para abastecer uma cidade,  qual das seguintes ações poderia resultar em alguma  economia de energia, sem afetar a capacidade de geração  da usina? ','Captura de tela 2023-06-15 142542.png','HINRICHS, R. A.; KLEINBACH, M. Energia e meio ambiente.  São Paulo: Pioneira Thomson Learning, 2003 (adaptado)','Reduzir a quantidade de combustível fornecido à usina  para ser queimado. ','Reduzir o volume de água do lago que circula no  condensador de vapor.','Reduzir o tamanho da bomba usada para devolver a  água líquida à caldeira. ','Melhorar a capacidade dos dutos com vapor  conduzirem calor para o ambiente. ','Usar o calor liberado com os gases pela chaminé para  mover um outro gerador.','',2,5),(34,'2009','Um medicamento, após ser ingerido, atinge a  corrente sanguínea e espalha-se pelo organismo, mas,  como suas moléculas “não sabem” onde é que está o  problema, podem atuar em locais diferentes do local “alvo”  e desencadear efeitos além daqueles desejados. Não seria  perfeito se as moléculas dos medicamentos soubessem  exatamente onde está o problema e fossem apenas até  aquele local exercer sua ação? A técnica conhecida como  iontoforese, indolor e não invasiva, promete isso. Como  mostram as figuras, essa nova técnica baseia-se na  aplicação de uma corrente elétrica de baixa intensidade  sobre a pele do paciente, permitindo que fármacos  permeiem membranas biológicas e alcancem a corrente  sanguínea, sem passar pelo estômago. Muitos pacientes  relatam apenas um formigamento no local de aplicação. O  objetivo da corrente elétrica é formar poros que permitam a  passagem do fármaco de interesse. A corrente elétrica é  distribuída por eletrodos, positivo e negativo, por meio de  uma solução aplicada sobre a pele. Se a molécula do  medicamento tiver carga elétrica positiva ou negativa, ao  entrar em contato com o eletrodo de carga de mesmo  sinal, ela será repelida e forçada a entrar na pele  (eletrorrepulsão - A). Se for neutra, a molécula será  forçada a entrar na pele juntamente com o fluxo de  solvente fisiológico que se forma entre os eletrodos  (eletrosmose - B). ','De acordo com as informações contidas no texto e nas  figuras, o uso da iontoforese ','Captura de tela 2023-06-15 150353.png','GRATIERI, T; GELFUSO, G. M.; LOPES, R. F. V. Medicação do futuro-iontoforese facilita  entrada de fármacos no organismo. Ciência Hoje, vol 44, no 259, maio 2009 (adaptado). ','provoca ferimento na pele do paciente ao serem  introduzidos os eletrodos, rompendo o epitélio. ','aumenta o risco de estresse nos pacientes, causado  pela aplicação da corrente elétrica.','inibe o mecanismo de ação dos medicamentos no  tecido-alvo, pois estes passam a entrar por meio da  pele. ','diminui o efeito colateral dos medicamentos, se  comparados com aqueles em que a ingestão se faz  por via oral. ','deve ser eficaz para medicamentos constituídos de  moléculas polares e ineficaz, se essas forem apolares.','',2,4),(35,'2009','Cerca de 1% do lixo urbano é constituído por  resíduos sólidos contendo elementos tóxicos. Entre esses  elementos estão metais pesados como o cádmio, o  chumbo e o mercúrio, componentes de pilhas e baterias,  que são perigosos à saúde humana e ao meio ambiente.  Quando descartadas em lixos comuns, pilhas e baterias  vão para aterros sanitários ou lixões a céu aberto, e o  vazamento de seus componentes contamina o solo, os rios  e o lençol freático, atingindo a flora e a fauna. Por serem  bioacumulativos e não biodegradáveis, esses metais  chegam de forma acumulada aos seres humanos, por meio  da cadeia alimentar. A legislação vigente (Resolução  CONAMA no  257/1999) regulamenta o destino de pilhas e  baterias após seu esgotamento energético e determina aos  fabricantes e/ou importadores a quantidade máxima  permitida desses metais em cada tipo de pilha/bateria,  porém o problema ainda persiste. ','Uma medida que poderia contribuir para acabar  definitivamente com o problema da poluição ambiental por  metais pesados relatado no texto seria ','','Disponível em: http://www.mma.gov.br.  Acesso em: 11 jul. 2009 (adaptado',' deixar de consumir aparelhos elétricos que utilizem  pilha ou bateria como fonte de energia. ','usar apenas pilhas ou baterias recarregáveis e de vida  útil longa e evitar ingerir alimentos contaminados,  especialmente peixes.','devolver pilhas e baterias, após o esgotamento da  energia armazenada, à rede de assistência técnica  especializada para repasse a fabricantes e/ou  importadores. ',' criar nas cidades, especialmente naquelas com mais  de 100 mil habitantes, pontos estratégicos de coleta de  baterias e pilhas, para posterior repasse a fabricantes  e/ou importadores. ',' exigir que fabricantes invistam em pesquisa para a  substituição desses metais tóxicos por substâncias  menos nocivas ao homem e ao ambiente, e que não  sejam bioacumulativas.','',2,5),(37,'2009','Umidade relativa do ar é o termo usado para  descrever a quantidade de vapor de água contido na  atmosfera. Ela é definida pela razão entre o conteúdo real  de umidade de uma parcela de ar e a quantidade de  umidade que a mesma parcela de ar pode armazenar na  mesma temperatura e pressão quando está saturada de  vapor, isto é, com 100% de umidade relativa. O gráfico  representa a relação entre a umidade relativa do ar e sua  temperatura ao longo de um período de 24 horas em um  determinado local. ','Considerando-se as informações do texto e do gráfico,  conclui-se que ','Captura de tela 2023-06-15 163304.png','','a insolação é um fator que provoca variação da  umidade relativa do ar. ',' o ar vai adquirindo maior quantidade de vapor de água  à medida que se aquece.','a presença de umidade relativa do ar é diretamente  proporcional à temperatura do ar. ','a umidade relativa do ar indica, em termos absolutos,  a quantidade de vapor de água existente na  atmosfera.','a variação da umidade do ar se verifica no verão, e  não no inverno, quando as temperaturas permanecem  baixas. ','',2,1),(38,'2009','Os planos de controle e erradicação de doenças em  animais envolvem ações de profilaxia e dependem em  grande medida da correta utilização e interpretação de  testes diagnósticos. O quadro mostra um exemplo  hipotético de aplicação de um teste diagnóstico.','Considerando que, no teste diagnóstico, a sensibilidade é  a probabilidade de um animal infectado ser classificado  como positivo e a especificidade é a probabilidade de um  animal não infectado ter resultado negativo, a interpretação  do quadro permite inferir que ','Captura de tela 2023-06-15 163437.png','Manual Técnico do Programa Nacional de Controle e Erradicação da Brucelose e da  Tuberculose Animal – PNCEBT. Brasília: Ministério da Agricultura, Pecuária e  Abastecimento, 2006 (adaptado)','a especificidade aponta um número de 5 falsos  positivos. ',' o teste, a cada 100 indivíduos infectados, classificaria  90 como positivos.',' o teste classificaria 96 como positivos em cada 100  indivíduos não infectados. ','ações de profilaxia são medidas adotadas para o  tratamento de falsos positivos. ','testes de alta sensibilidade resultam em maior número  de animais falsos negativos comparado a um teste de  baixa sensibilidade. ','',2,2),(39,'2009','O processo de industrialização tem gerado sérios  problemas de ordem ambiental, econômica e social, entre  os quais se pode citar a chuva ácida. Os ácidos  usualmente presentes em maiores proporções na água da  chuva são o H2CO3, formado pela reação do CO2 atmosférico com a água, o HNO3, o HNO2, o H2SO4 e o  H2SO3. Esses quatro últimos são formados principalmente  a partir da reação da água com os óxidos de nitrogênio e  de enxofre gerados pela queima de combustíveis fósseis. ','A formação de chuva mais ou menos ácida depende não  só da concentração do ácido formado, como também do  tipo de ácido. Essa pode ser uma informação útil na  elaboração de estratégias para minimizar esse problema  ambiental. Se consideradas concentrações idênticas, quais  dos ácidos citados no texto conferem maior acidez às  águas das chuvas?','','','HNO3 e HNO2.','H2SO4 e H2SO3.','H2SO3 e HNO2. ',' H2SO4 e HNO3.','H2CO3 e H2SO3','',2,4),(40,'2009','O ônibus espacial Atlantis foi lançado ao espaço  com cinco astronautas a bordo e uma câmera nova, que  iria substituir uma outra danificada por um curto-circuito no  telescópio Hubble. Depois de entrarem em órbita a 560 km  de altura, os astronautas se aproximaram do Hubble. Dois  astronautas saíram da Atlantis e se dirigiram ao telescópio.  Ao abrir a porta de acesso, um deles exclamou: “Esse  telescópio tem a massa grande, mas o peso é pequeno.” ','Considerando o texto e as leis de Kepler, pode-se afirmar  que a frase dita pelo astronauta','Captura de tela 2023-06-15 142542.png','','se justifica porque o tamanho do telescópio determina  a sua massa, enquanto seu pequeno peso decorre da  falta de ação da aceleração da gravidade. ','se justifica ao verificar que a inércia do telescópio é  grande comparada à dele próprio, e que o peso do  telescópio é pequeno porque a atração gravitacional  criada por sua massa era pequena. ','não se justifica, porque a avaliação da massa e do  peso de objetos em órbita tem por base as leis de  Kepler, que não se aplicam a satélites artificiais. ','não se justifica, porque a força-peso é a força exercida  pela gravidade terrestre, neste caso, sobre o  telescópio e é a responsável por manter o próprio  telescópio em órbita. ','não se justifica, pois a ação da força-peso implica a  ação de uma força de reação contrária, que não existe  naquele ambiente. A massa do telescópio poderia ser  avaliada simplesmente pelo seu volume','',2,4),(41,'2009','Uma pesquisadora deseja reflorestar uma área de  mata ciliar quase que totalmente desmatada. Essa  formação vegetal é um tipo de floresta muito comum nas  margens de rios dos cerrados no Brasil central e, em seu  clímax, possui vegetação arbórea perene e apresenta  dossel fechado, com pouca incidência luminosa no solo e  nas plântulas. Sabe-se que a incidência de luz, a  disponibilidade de nutrientes e a umidade do solo são os  principais fatores do meio ambiente físico que influenciam  no desenvolvimento da planta. Para testar unicamente os  efeitos da variação de luz, a pesquisadora analisou, em  casas de vegetação com condições controladas, o  desenvolvimento de plantas de 10 espécies nativas da  região desmatada sob quatro condições de luminosidade:  uma sob sol pleno e as demais em diferentes níveis de  sombreamento. Para cada tratamento experimental, a  pesquisadora relatou se o desenvolvimento da planta foi  bom, razoável ou ruim, de acordo com critérios  específicos. Os resultados obtidos foram os seguintes:','Para o reflorestamento da região desmatada','Captura de tela 2023-06-15 164057 (2).png','',' a espécie 8 é mais indicada que a 1, uma vez que  aquela possui melhor adaptação a regiões com maior  incidência de luz.','recomenda-se a utilização de espécies pioneiras, isto  é, aquelas que suportam alta incidência de luz, como  as espécies 2, 3 e 5. ','sugere-se o uso de espécies exóticas, pois somente  essas podem suportar a alta incidência luminosa  característica de regiões desmatadas. ','espécies de comunidade clímax, como as 4 e 7, são  as mais indicadas, uma vez que possuem boa  capacidade de aclimatação a diferentes ambientes. ','é recomendado o uso de espécies com melhor  desenvolvimento à sombra, como as plantas das  espécies 4, 6, 7, 9 e 10, pois essa floresta, mesmo no  estágio de degradação referido, possui dossel  fechado, o que impede a entrada de luz. ','',2,1),(42,'2009','Os núcleos dos átomos são constituídos de  prótons e nêutrons, sendo ambos os principais  responsáveis pela sua massa. Nota-se que, na maioria dos  núcleos, essas partículas não estão presentes na mesma  proporção. O gráfico mostra a quantidade de nêutrons (N)  em função da quantidade de prótons (Z) para os núcleos  estáveis conhecidos.','O antimônio é um elemento químico que possui 50 prótons  e possui vários isótopos ― átomos que só se diferem pelo  número de nêutrons. De acordo com o gráfico, os isótopos  estáveis do antimônio possuem','Captura de tela 2023-06-15 164947.png','KAPLAN, I. Física Nuclear. Rio de Janeiro: Guanabara Dois,  1978 (adaptado). ','entre 12 e 24 nêutrons a menos que o número de  prótons.','exatamente o mesmo número de prótons e nêutrons. ',' entre 0 e 12 nêutrons a mais que o número de prótons. ','entre 12 e 24 nêutrons a mais que o número de  prótons.',' entre 0 e 12 nêutrons a menos que o número de  prótons. ','',2,4),(44,'2009','Gerente – Boa tarde. Em que eu posso ajudá-lo? Cliente – Estou interessado em financiamento para compra de veículo. Gerente – Nós dispomos de várias modalidades de crédito. O senhor é nosso cliente? Cliente – Sou Júlio César Fontoura, também sou funcionário do banco. Gerente – Julinho, é você, cara? Aqui é a Helena! Cê tá em Brasília? Pensei que você inda tivesse na agência de Uberlândia! Passa aqui pra gente conversar com calma.','Na representação escrita da conversa telefônica entre a gerente do banco e o cliente, observa-se que a maneira de falar da gerente foi alterada de repente devido','','BORTONI-RICARDO, S. M. Educação em língua materna. São Paulo: Parábola, 2004 (adaptado).','à adequação de sua fala à conversa com um amigo, caracterizada pela informalidade.','à iniciativa do cliente em se apresentar como funcionário do banco.','ao fato de ambos terem nascido em Uberlândia (Minas Gerais).','à intimidade forçada pelo cliente ao fornecer seu nome completo.','ao seu interesse profissional em financiar o veículo de Júlio.','',3,1),(45,'2009','Analise as seguintes avaliações de possíveis resultados de um teste na Internet.','Depreende-se, a partir desse conjunto de informações, que o teste que deu origem a esses resultados, além de estabelecer um perfil para o usuário de sites de relacionamento, apresenta preocupação com hábitos e propõe mudanças de comportamento direcionadas','2009 - 93 - A3.png','Veja. 8 jul. 2009. p.102 (adaptado).','ao adolescente que acessa sites de entretenimento.','ao profissional interessado em aperfeiçoamento tecnológico.','à pessoa que usa os sites de relacionamento para complementar seu círculo de amizades.','ao usuário que reserva mais tempo aos sites de relacionamento do que ao convívio pessoal com os amigos.','ao leitor que se interessa em aprender sobre o funcionamento de diversos tipos de sites de relacionamento.','',3,4),(47,'2009','A música pode ser definida como a combinação de sons ao longo do tempo. Cada produto final oriundo da infinidade de combinações possíveis será diferente, dependendo da escolha das notas, de suas durações, dos instrumentos utilizados, do estilo de música, da nacionalidade do compositor e do período em que as obras foram compostas.','Das figuras que apresentam grupos musicais em ação, pode-se concluir que o(os) grupo(s) mostrado(s) na(s) figura(s)','2009 - 94 -A3.png','Figura 1 - http://images.quebarato.com.br/photos/big/2/D/15A12D_2.jpg. Figura 2 - http://ourinhos.prefeituramunicipal.net/dados/fotos/2009/07/07/normal. Figura 3 - http://www.edmontonculturalcapital.com/gallery/edjazzfestival/JazzQuartet.jpg. Figura 4 - http://www.filmica.com/jacintaescudos/archivos/Led-Zeppelin.jpg.','1 executa um gênero característico da música brasileira, conhecido como chorinho.','2 executa um gênero característico da música clássica, cujo compositor mais conhecido é Tom Jobim.','3 executa um gênero característico da música europeia, que tem como representantes Beethoven e Mozart.','4 executa um tipo de música caracterizada pelos instrumentos acústicos, cuja intensidade e nível de ruído permanecem na faixa dos 30 aos 40 decibéis.','1 a 4 apresentam um produto final bastante semelhante, uma vez que as possibilidades de combinações sonoras ao longo do tempo são limitadas.','',3,1),(48,'2009','No programa do balé Parade, apresentado em 18 de maio de 1917, foi empregada publicamente, pela primeira vez, a palavra sur-realisme. Pablo Picasso desenhou o cenário e a indumentária, cujo efeito foi tão surpreendente que se sobrepôs à coreografia. A música de Erik Satie era uma mistura de jazz, música popular e sons reais tais como tiros de pistola, combinados com as imagens do balé de Charlie Chaplin, caubóis e vilões, mágica chinesa e Ragtime. Os tempos não eram propícios para receber a nova mensagem cênica demasiado provocativa devido ao repicar da máquina de escrever, aos zumbidos de sirene e dínamo e aos rumores de aeroplano previstos por Cocteau para a partitura de Satie. Já a ação coreográfica confirmava a tendência marcadamente teatral da gestualidade cênica, dada pela justaposição, colagem de ações isoladas seguindo um estímulo musical.','As manifestações corporais na história das artes da cena muitas vezes demonstram as condições cotidianas de um determinado grupo social, como se pode observar na descrição acima do balé Parade, o qual reflete','','SILVA, S. M. O surrealismo e a dança. GUINSBURG, J.; LEIRNER (Org.). O surrealismo. São Paulo: Perspectiva, 2008 (adaptado).','a falta de diversidade cultural na sua proposta estética.','a alienação dos artistas em relação às tensões da Segunda Guerra Mundial.','uma disputa cênica entre as linguagens das artes visuais, do figurino e da música.','as inovações tecnológicas nas partes cênicas, musicais, coreográficas e de figurino.','uma narrativa com encadeamentos claramente lógicos e lineares.','',3,4),(49,'2009','Os principais recursos utilizados para envolvimento e adesão do leitor à campanha institucional incluem','Alternativas:','2009 - 96 - A3.png','BRASIL. Ministério da Saúde, 2009 (adaptado).','o emprego de enumeração de itens e apresentação de títulos expressivos.','o uso de orações subordinadas condicionais e temporais.','o emprego de pronomes como “você” e “sua” e o uso do imperativo.','a construção de figuras metafóricas e o uso de repetição.','o fornecimento de número de telefone gratuito para contato.','',3,1),(50,'2009','Imagem','O texto tem o objetivo de solucionar um problema social,','2009 - 96 - A3.png','BRASIL. Ministério da Saúde, 2009 (adaptado).','descrevendo a situação do país em relação à gripe suína.','alertando a população para o risco de morte pela Influenza A.','informando a população sobre a iminência de uma pandemia de Influenza A.','orientando a população sobre os sintomas da gripe suína e procedimentos para evitar a contaminação.','convocando toda a população para se submeter a exames de detecção da gripe suína.','',3,4),(51,'2009','Imagem','Tendo em vista a segunda fala do personagem entrevistado, constata-se que','2009 - 100 - A3.png','XAVIER, C. Quadrinho quadrado. Disponível em: http://www.releituras.com. Acesso em: 5 jul. 2009.','o entrevistado deseja convencer o jornalista a não publicar um livro.','o principal objetivo do entrevistado é explicar o significado da palavra motivação.','são utilizados diversos recursos da linguagem literária, tais como a metáfora e a metonímia.','o entrevistado deseja informar de modo objetivo o jornalista sobre as etapas de produção de um livro.','o principal objetivo do entrevistado é evidenciar seu sentimento com relação ao processo de produção de um livro.','',3,5),(52,'2009','Gênero dramático é aquele em que o artista usa como intermediária entre si e o público a representação. A palavra vem do grego drao (fazer) e quer dizer ação. A peça teatral é, pois, uma composição literária destinada à apresentação por atores em um palco, atuando e dialogando entre si. O texto dramático é complementado pela atuação dos atores no espetáculo teatral e possui uma estrutura específica, caracterizada: 1) pela presença de personagens que devem estar ligados com lógica uns aos outros e à ação; 2) pela ação dramática (trama, enredo), que é o conjunto de atos dramáticos, maneiras de ser e de agir das personagens encadeadas à unidade do efeito e segundo uma ordem composta de exposição, conflito, complicação, clímax e desfecho; 3) pela situação ou ambiente, que é o conjunto de circunstâncias físicas, sociais, espirituais em que se situa a ação; 4) pelo tema, ou seja, a ideia que o autor (dramaturgo) deseja expor, ou sua interpretação real por meio da representação.','Considerando o texto e analisando os elementos que constituem um espetáculo teatral, conclui-se que','','COUTINHO, A. Notas de teoria literária. Rio de Janeiro: Civilização Brasileira, 1973 (adaptado).','a criação do espetáculo teatral apresenta-se como um fenômeno de ordem individual, pois não é possível sua concepção de forma coletiva.','o cenário onde se desenrola a ação cênica é concebido e construído pelo cenógrafo de modo autônomo e independente do tema da peça e do trabalho interpretativo dos atores.','o texto cênico pode originar-se dos mais variados gêneros textuais, como contos, lendas, romances, poesias, crônicas, notícias, imagens e fragmentos textuais, entre outros.','o corpo do ator na cena tem pouca importância na comunicação teatral, visto que o mais importante é a expressão verbal, base da comunicação cênica em toda a trajetória do teatro até os dias atuais.','a iluminação e o som de um espetáculo cênico independem do processo de produção/recepção do espetáculo teatral, já que se trata de linguagens artísticas diferentes, agregadas posteriormente à cena teatral.','',3,3),(53,'2009','Saúde, no modelo atual de qualidade de vida, é o resultado das condições de alimentação, habitação, educação, renda, trabalho, transporte, lazer, serviços médicos e acesso à atividade física regular. Quanto ao acesso à atividade física, um dos elementos essenciais é a aptidão física, entendida como a capacidade de a pessoa utilizar seu corpo — incluindo músculos, esqueleto, coração, enfim, todas as partes —, de forma eficiente em suas atividades cotidianas; logo, quando se avalia a saúde de uma pessoa, a aptidão física deve ser levada em conta.','A partir desse contexto, considera-se que uma pessoa tem boa aptidão física quando','','','apresenta uma postura regular.','pode se exercitar por períodos curtos de tempo.','pode desenvolver as atividades físicas do dia-a-dia, independentemente de sua idade.','pode executar suas atividades do dia a dia com vigor, atenção e uma fadiga de moderada a intensa.','pode exercer atividades físicas no final do dia, mas suas reservas de energia são insuficientes para atividades intelectuais.','',3,3),(54,'2009','Diferentemente do texto escrito, que em geral compele os leitores a lerem numa onda linear – da esquerda para a direita e de cima para baixo, na página  impressa – hipertextos encorajam os leitores a moverem- se de um bloco de texto a outro, rapidamente e não  sequencialmente. Considerando que o hipertexto oferece uma multiplicidade de caminhos a seguir, podendo ainda o leitor incorporar seus caminhos e suas decisões como  novos caminhos, inserindo informações novas, o leitor- navegador passa a ter um papel mais ativo e uma  oportunidade diferente da de um leitor de texto impresso. Dificilmente dois leitores de hipertextos farão os mesmos caminhos e tomarão as mesmas decisões.','No que diz respeito à relação entre o hipertexto e o conhecimento por ele produzido, o texto apresentado deixa claro que o hipertexto muda a noção tradicional de autoria, porque','','MARCUSCHI, L. A. Cognição, linguagem e práticas interacionais. Rio: Lucerna, 2007.','é o leitor que constrói a versão final do texto.','o autor detém o controle absoluto do que escreve.','aclara os limites entre o leitor e o autor.','propicia um evento textual-interativo em que apenas o autor é ativo.','só o autor conhece o que eletronicamente se dispõe para o leitor.','',3,1),(56,'2009','Dados da Associação Nacional de Empresas de Transportes Urbanos (ANTU) mostram que o número de passageiros transportados mensalmente nas principais regiões metropolitanas do país vem caindo sistematicamente. Eram 476,7 milhões de passageiros em 1995, e esse número caiu para 321,9 milhões em abril de 2001. Nesse período, o tamanho da frota de veículos mudou pouco, tendo no final de 2008 praticamente o mesmo tamanho que tinha em 2001. O gráfico a seguir mostra um índice de produtividade utilizado pelas empresas do setor, que é a razão entre o total de passageiros transportados por dia e o tamanho da frota de veículos.','Supondo que as frotas totais de veículos naquelas regiões metropolitanas em abril de 2001 e em outubro de 2008 eram do mesmo tamanho, os dados do gráfico permitem inferir que o total de passageiros transportados no mês de outubro de 2008 foi aproximadamente igual a','2009 - 136 - A4.png','Disponível em: http://www.ntu.org.br. Acesso em 16 jul. 2009 (adaptado).','355 milhões.','400 milhões.','426 milhões.','441 milhões.','477 milhões.','',4,4),(57,'2009','O mapa ao lado representa um bairro de determinada cidade, no qual as flechas indicam o sentido das mãos do tráfego. Sabe-se que esse bairro foi planejado e que cada quadra representada na figura é um terreno quadrado, de lado igual a 200 metros.','Desconsiderando-se a largura das ruas, qual seria o tempo, em minutos, que um ônibus, em velocidade constante e igual a 40 km/h, partindo do ponto X, demoraria para chegar até o ponto Y?','2009 - 137 - A4.png','','25 min.','15 min.','2,5 min.','1,5 min.','0,15 min.','',4,5),(58,'2009','A população mundial está ficando mais velha, os índices de natalidade diminuíram e a expectativa de vida aumentou. No gráfico seguinte, são apresentados dados obtidos por pesquisa realizada pela Organização das Nações Unidas (ONU), a respeito da quantidade de pessoas com 60 anos ou mais em todo o mundo. Os números da coluna da direita representam as faixas percentuais. Por exemplo, em 1950 havia 95 milhões de pessoas com 60 anos ou mais nos países desenvolvidos, número entre 10% e 15% da população total nos países desenvolvidos.','Suponha que o modelo exponencial y = 363e0,03x , em que x = 0 corresponde ao ano 2000, x = 1 corresponde ao ano 2001, e assim sucessivamente, e que y é a população em milhões de habitantes no ano x, seja usado para estimar essa população com 60 anos ou mais de idade nos países em desenvolvimento entre 2010 e 2050. Desse modo, considerando e0,3 = 1,35, estima-se que a população com 60 anos ou mais estará, em 2030, entre','2009 - 138 e 139 - A4.png','Disponível em: www.economist.com. Acesso em: 9 jul. 2009 (adaptado).','490 e 510 milhões.','550 e 620 milhões.','780 e 800 milhões.','810 e 860 milhões.','870 e 910 milhões.','',4,3),(59,'2009','A população mundial está ficando mais velha, os índices de natalidade diminuíram e a expectativa de vida aumentou. No gráfico seguinte, são apresentados dados obtidos por pesquisa realizada pela Organização das Nações Unidas (ONU), a respeito da quantidade de pessoas com 60 anos ou mais em todo o mundo. Os números da coluna da direita representam as faixas percentuais. Por exemplo, em 1950 havia 95 milhões de pessoas com 60 anos ou mais nos países desenvolvidos, número entre 10% e 15% da população total nos países desenvolvidos.','Em 2050, a probabilidade de se escolher, aleatoriamente, uma pessoa com 60 anos ou mais de idade, na população dos países desenvolvidos, será um número mais próximo de','2009 - 138 e 139 - A4.png','Disponível em: www.economist.com. Acesso em: 9 jul. 2009 (adaptado).','1/2','7/20','8/25','1/5','3/25','',4,1),(60,'2009','O governo cedeu terrenos para que famílias construíssem suas residências com a condição de que no mínimo 94% da área do terreno fosse mantida como área de preservação ambiental. Ao receber o terreno retangular ABCD, em que AB =BC/2 , Antônio demarcou uma área quadrada no vértice A, para a construção de sua residência, de acordo com o desenho, no qual AE =AB/5 é  lado do quadrado.','Nesse caso, a área definida por Antônio atingiria exatamente o limite determinado pela condição se ele','2009 - 140 - A4.png','','duplicasse a medida do lado do quadrado.','triplicasse a medida do lado do quadrado.','triplicasse a área do quadrado.','ampliasse a medida do lado do quadrado em 4%.','ampliasse a área do quadrado em 4%.','',4,4),(61,'2009','Uma resolução do Conselho Nacional de Política Energética (CNPE) estabeleceu a obrigatoriedade de adição de biodísel ao óleo dísel comercializado nos postos. A exigência é que, a partir de 1.o de julho de 2009, 4% do volume da mistura final seja formada por biodísel. Até junho de 2009, esse percentual era de 3%. Essa medida estimula a demanda de biodísel, bem como possibilita a redução da importação de dísel de petróleo.','Estimativas indicam que, com a adição de 4% de biodísel ao dísel, serão consumidos 925 milhões de litros de biodísel no segundo semestre de 2009. Considerando-se essa estimativa, para o mesmo volume da mistura final dísel/biodísel consumida no segundo semestre de 2009, qual seria o consumo de biodísel com a adição de 3%?','','Disponível em: http://www1.folha.uol.com.br. Acesso em: 12 jul. 2009 (adaptado).','27,75 milhões de litros.','37,00 milhões de litros.','231,25 milhões de litros.','693,75 milhões de litros.','888,00 milhões de litros.','',4,3),(62,'2009','A suspeita de que haveria uma relação causal entre tabagismo e câncer de pulmão foi levantada pela primeira vez a partir de observações clínicas. Para testar essa possível associação, foram conduzidos inúmeros estudos epidemiológicos. Dentre esses, houve o estudo do número de casos de câncer em relação ao número de cigarros consumidos por dia, cujos resultados são mostrados no gráfico a seguir.','De acordo com as informações do gráfico,','2009 - 142 - A4.png','Centers for Disease Control and Prevention CDC-EIS Summer Course – 1992 (adaptado).','o consumo diário de cigarros e o número de casos de câncer de pulmão são grandezas inversamente proporcionais.','o consumo diário de cigarros e o número de casos de câncer de pulmão são grandezas que não se relacionam.','o consumo diário de cigarros e o número de casos de câncer de pulmão são grandezas diretamente proporcionais.','uma pessoa não fumante certamente nunca será diagnosticada com câncer de pulmão.','o consumo diário de cigarros e o número de casos de câncer de pulmão são grandezas que estão relacionadas, mas sem proporcionalidade.','',4,5),(63,'2009','O gráfico a seguir mostra a evolução, de abril de 2008 a maio de 2009, da população economicamente ativa para seis Regiões Metropolitanas pesquisadas.','Considerando que a taxa de crescimento da população economicamente ativa, entre 05/09 e 06/09, seja de 4%, então o número de pessoas economicamente ativas em 06/09 será igual a','2009 - 143 - A4.png','Disponível em: www.ibge.gov.br.','23.940.','32.228.','920.800.','23.940.800.','32.228.000.','',4,4),(64,'2009','O Egito é visitado anualmente por milhões de  turistas de todos os quadrantes do planeta, desejosos de  ver com os próprios olhos a grandiosidade do poder  esculpida em pedra há milênios: as pirâmides de Gizeh, as  tumbas do Vale dos Reis e os numerosos templos  construídos ao longo do Nilo. ','O que hoje se transformou em atração turística era, no  passado, interpretado de forma muito diferente, pois ','','',' significava, entre outros aspectos, o poder que os  faraós tinham para escravizar grandes contingentes  populacionais que trabalhavam nesses monumentos. ','representava para as populações do alto Egito a  possibilidade de migrar para o sul e encontrar trabalho  nos canteiros faraônicos.',' significava a solução para os problemas econômicos,  uma vez que os faraós sacrificavam aos deuses suas  riquezas, construindo templos. ',' representava a possibilidade de o faraó ordenar a  sociedade, obrigando os desocupados a trabalharem  em obras públicas, que engrandeceram o próprio  Egito. ',' significava um peso para a população egípcia, que  condenava o luxo faraônico e a religião baseada em  crenças e superstições.','',1,1),(65,'2009','O que se entende por Corte do antigo regime é,  em primeiro lugar, a casa de habitação dos reis de França,  de suas famílias, de todas as pessoas que, de perto ou de  longe, dela fazem parte. As despesas da Corte, da imensa  casa dos reis, são consignadas no registro das despesas  do reino da França sob a rubrica significativa de Casas  Reais.','Algumas casas de habitação dos reis tiveram grande  efetividade política e terminaram por se transformar em  patrimônio artístico e cultural, cujo exemplo é','','ELIAS, N. A sociedade de corte. Lisboa: Estampa, 1987',' o palácio de Versalhes. ','o Museu Britânico. ',' a catedral de Colônia.','a Casa Branca. ',' a pirâmide do faraó Quéops.','',1,1),(66,'2009','Hoje em dia, nas grandes cidades, enterrar os  mortos é uma prática quase íntima, que diz respeito  apenas à família. A menos, é claro, que se trate de uma  personalidade conhecida. Entretanto, isso nem sempre foi  assim. Para um historiador, os sepultamentos são uma  fonte de informações importantes para que se  compreenda, por exemplo, a vida política das sociedades. ','No que se refere às práticas sociais ligadas aos  sepultamentos,','','','na Grécia Antiga, as cerimônias fúnebres eram  desvalorizadas, porque o mais importante era a  democracia experimentada pelos vivos. ','na Idade Média, a Igreja tinha pouca influência sobre  os rituais fúnebres, preocupando-se mais com a  salvação da alma.','no Brasil colônia, o sepultamento dos mortos nas  igrejas era regido pela observância da hierarquia  social.','na época da Reforma, o catolicismo condenou os  excessos de gastos que a burguesia fazia para  sepultar seus mortos. ','no período posterior à Revolução Francesa, devido as  grandes perturbações sociais, abandona-se a prática  do luto.','',1,3),(67,'2009','A Idade Média é um extenso período da História  do Ocidente cuja memória é construída e reconstruída  segundo as circunstâncias das épocas posteriores. Assim,  desde o Renascimento, esse período vem sendo alvo de  diversas interpretações que dizem mais sobre o contexto  histórico em que são produzidas do que propriamente  sobre o Medievo.','Um exemplo acerca do que está exposto no texto acima é ','','',' a associação que Hitler estabeleceu entre o III Reich e  o Sacro Império Romano Germânico.','o retorno dos valores cristãos medievais, presentes  nos documentos do Concílio Vaticano II. ',' a luta dos negros sul-africanos contra o apartheid inspirada por valores dos primeiros cristãos.',' o fortalecimento político de Napoleão Bonaparte, que  se justificava na amplitude de poderes que tivera  Carlos Magno. ',' a tradição heroica da cavalaria medieval, que foi  afetada negativamente pelas produções  cinematográficas de Hollywood.','',1,1),(68,'2009','A primeira metade do século XX foi marcada por  conflitos e processos que a inscreveram como um dos  mais violentos períodos da história humana.','Entre os principais fatores que estiveram na origem dos  conflitos ocorridos durante a primeira metade do século XX  estão','','','a crise do colonialismo, a ascensão do nacionalismo e  do totalitarismo. ','o enfraquecimento do império britânico, a Grande  Depressão e a corrida nuclear. ',' o declínio britânico, o fracasso da Liga das Nações e a  Revolução Cubana. ','a corrida armamentista, o terceiro-mundismo e o  expansionismo soviético.',' a Revolução Bolchevique, o imperialismo e a  unificação da Alemanha.','',1,1),(69,'2009','Os regimes totalitários da primeira metade do  século XX apoiaram-se fortemente na mobilização da  juventude em torno da defesa de ideias grandiosas para o  futuro da nação. Nesses projetos, os jovens deveriam  entender que só havia uma pessoa digna de ser amada e  obedecida, que era o líder. Tais movimentos sociais  juvenis contribuíram para a implantação e a sustentação  do nazismo, na Alemanha, e do fascismo, na Itália,  Espanha e Portugal. ','A atuação desses movimentos juvenis caracterizava-se','','','pelo sectarismo e pela forma violenta e radical com  que enfrentavam os opositores ao regime.',' pelas propostas de conscientização da população  acerca dos seus direitos como cidadãos.',' pela promoção de um modo de vida saudável, que  mostrava os jovens como exemplos a seguir. ',' pelo diálogo, ao organizar debates que opunham  jovens idealistas e velhas lideranças conservadoras. ','pelos métodos políticos populistas e pela organização  de comícios multitudinários. ','',1,1),(70,'2009','Do ponto de vista geopolítico, a Guerra Fria dividiu  a Europa em dois blocos. Essa divisão propiciou a  formação de alianças antagônicas de caráter militar, como  a OTAN, que aglutinava os países do bloco ocidental, e o  Pacto de Varsóvia, que concentrava os do bloco oriental. É  importante destacar que, na formação da OTAN, estão  presentes, além dos países do oeste europeu, os EUA e o  Canadá. Essa divisão histórica atingiu igualmente os  âmbitos político e econômico que se refletia pela opção  entre os modelos capitalista e socialista.','Essa divisão europeia ficou conhecida como ','','','Cortina de Ferro.','Muro de Berlim. ','União Europeia.','Convenção de Ramsar. ','Conferência de Estocolmo.','',1,1),(71,'2009','O ano de 1968 ficou conhecido pela efervescência  social, tal como se pode comprovar pelo seguinte trecho,  retirado de texto sobre propostas preliminares para uma  revolução cultural: “É preciso discutir em todos os lugares  e com todos. O dever de ser responsável e pensar  politicamente diz respeito a todos, não é privilégio de uma  minoria de iniciados. Não devemos nos surpreender com o  caos das ideias, pois essa é a condição para a emergência  de novas ideias. Os pais do regime devem compreender  que autonomia não é uma palavra vã; ela supõe a partilha  do poder, ou seja, a mudança de sua natureza. Que  ninguém tente rotular o movimento atual; ele não tem  etiquetas e não precisa delas”.','Os movimentos sociais, que marcaram o ano de 1968,','','Journal de la comune étudiante. Textes et  documents. Paris: Seuil, 1969 (adaptado). ','foram manifestações desprovidas de conotação  política, que tinham o objetivo de questionar a rigidez  dos padrões de comportamento social fundados em  valores tradicionais da moral religiosa. ','restringiram-se às sociedades de países  desenvolvidos, onde a industrialização avançada, a  penetração dos meios de comunicação de massa e a  alienação cultural que deles resultava eram mais  evidentes.','resultaram no fortalecimento do conservadorismo  político, social e religioso que prevaleceu nos países  ocidentais durante as décadas de 70 e 80. ','tiveram baixa repercussão no plano político, apesar de  seus fortes desdobramentos nos planos social e  cultural, expressos na mudança de costumes e na  contracultura. ',' inspiraram futuras mobilizações, como o pacifismo, o  ambientalismo, a promoção da equidade de gêneros e  a defesa dos direitos das minorias. ','',1,5),(72,'2009','Os Yanomami constituem uma sociedade indígena  do norte da Amazônia e formam um amplo conjunto  linguístico e cultural. Para os Yanomami, urihi, a “terrafloresta”, não é um mero cenário inerte, objeto de  exploração econômica, e sim uma entidade viva, animada  por uma dinâmica de trocas entre os diversos seres que a  povoam. A floresta possui um sopro vital, wixia, que é  muito longo. Se não a desmatarmos, ela não morrerá. Ela  não se decompõe, isto é, não se desfaz. É graças ao seu  sopro úmido que as plantas crescem. A floresta não está  morta pois, se fosse assim, as florestas não teriam folhas.  Tampouco se veria água. Segundo os Yanomami, se os  brancos os fizerem desaparecer para desmatá-la e morar  no seu lugar, ficarão pobres e acabarão tendo fome e  sede.','De acordo com o texto, os Yanomami acreditam que','','ALBERT, B. Yanomami, o espírito da floresta. Almanaque Brasil  Socioambiental. São Paulo: ISA, 2007 (adaptado). ','a floresta não possui organismos decompositores. ','o potencial econômico da floresta deve ser explorado. ','o homem branco convive harmonicamente com urihi. ','as folhas e a água são menos importantes para a  floresta que seu sopro vital.',' Wixia é a capacidade que tem a floresta de se  sustentar por meio de processos vitais.','',1,5),(73,'2016','Mapa dos Estados Unidos da América - EUA  ','Nos Estados Unidos, durante o século XIX, tal como representada no mapa, a relação entre território e nação foi reconfigurada por uma política que  ','2016 - 1 - A1.png','ALBUQUERQUE, M. M.; REIS, A. C. F.; CARVALHO, C. D. Atlas histórico escolar. Rio de Janeiro, Fename, 1977 (adaptado)',' transferiu as populações indígenas para territórios de fronteira anexados, protegendo a cultura protestante dos  migrantes fundadores da nação norte-americana','respondeu às ameaças europeias pelo fim da escravidão, integrando a população de escravos ao projetos de expansão por meio da doação de terras.','assinou acordos com países latino-americanos, ajudando na reestruturação da economia desses países após  suas independências. ','projetou o avanço de populações excedentes para além da faixa atlântica, reformulando fronteiras para o  estabelecimento de um país continental.','instalou manufaturas nas áreas compradas e anexadas, visando utilizar a mão de obra barata das populações em trânsito. ','',1,4),(74,'2016','Para além de objetivos específicos, muitos movimentos sociais interferem no contexto sociopolítico e ultrapassam  dimensões imediatas, como foi o caso das mobilizações  operárias, ocorridas em 1979 na cidade de São Paulo.','Nesse sentido, ao mesmo tempo em que lutavam por  seus direitos, essas mobilizações contribuíram com o(a)','2016 - 2 -A1.png','Disponível em: www1.folha.uol.com.br. Acesso em: 9 nov. 2011.','elaboração de novas políticas que garantiram a  estabilidade econômica do país.',' instalação de empresas multinacionais no Brasil.','legalização dos sindicatos no Brasil.','surgimento das políticas governamentais  assistencialistas.','processo de redemocratização do Brasil.','',1,5),(75,'2016','A característica fundamental é que ele não é mais  somente um agricultor ou um pecuarista: ele combina  atividades agropecuárias com outras atividades não  agrícolas dentro ou fora de seu estabelecimento, tanto  nos ramos tradicionais urbano-industriais como nas  novas atividades que vêm se desenvolvendo no meio  rural, como lazer, turismo, conservação da natureza,  moradia e prestação de serviços pessoais.','Essa nova forma de organização social do trabalho é  denominada','','ILVA, J. G. O novo rural brasileiro. Revista Nova Economia, n. 1, maio 1997 (adaptado)',' terceirização.','pluriatividade.',' agronegócio.',' cooperativismo.',' associativismo.','',1,2),(76,'2016','Com seu manto real em verde e amarelo, as cores  da casa dos Habsburgo e Bragança, mas que lembravam  também os tons da natureza do “Novo Mundo”, cravejado  de estrelas representando o Cruzeiro do Sul e, finalmente, com o cabeção de penas de papo de tucano em volta  do pescoço, D. Pedro II foi coroado imperador do Brasil.  O monarca jamais foi tão tropical. Entre muitos ramos  de café e tabaco, coroado como um César em meio a  coqueiros e paineiras, D. Pedro transformava-se em  sinônimo da nacionalidade.','No Segundo Reinado, a Monarquia brasileira recorreu  ao simbolismo de determinadas figuras e alegorias.  A análise da imagem e do texto revela que o objetivo de  tal estratégia era','2016 - 5 - A1.png','SCHWARCZ, L. M. As barbas do imperador: D. Pedro II, um monarca nos trópicos.  São Paulo: Cia. das Letras, 1998 (adaptado).',' exaltar o modelo absolutista e despótico','valorizar a mestiçagem africana e nativa.','reduzir a participação democrática e popular.',' mobilizar o sentimento patriótico e antilusitano.',' obscurecer a origem portuguesa e colonizadora.','',1,5),(77,'2016','Em virtude da importância dos grandes volumes de  matérias-primas na indústria química — eram necessárias  dez a doze toneladas de ingredientes para fabricar uma  tonelada de soda —, a indústria teve uma localização  bem definida quase que desde o início. Os três centros principais eram a área de Glasgow e as margens do  Mersey e do Tyne.','A relação entre a localização das indústrias químicas  e das matérias-primas nos primórdios da Revolução  Industrial provocou a','','LANDES, D. S. Prometeu desacorrentado: transformação tecnológica e desenvolvimento  industrial na Europa ocidental, desde 1750 até a nossa época.  Rio de Janeiro: Nova Fronteira, 1994',' busca pela isenção de impostos.','intensa qualificação de mão de obra. ',' diminuição da distância dos mercados consumidores.','concentração da produção em determinadas regiões  do país.','necessidade do desenvolvimento de sistemas de  comunicação.','',1,4),(78,'2016','A Justiça de São Paulo decidiu multar os  supermercados que não fornecerem embalagens de  papel ou material biodegradável. De acordo com a  decisão, os estabelecimentos que descumprirem a  norma terão de pagar multa diária de R$ 20 mil, por ponto  de venda. As embalagens deverão ser disponibilizadas de graça e em quantidade suficiente.','A legislação e os atos normativos descritos estão  ancorados na seguinte concepção: ','','Disponível em: www.estadao.com.br. Acesso em: 31 jul. 2012 (adaptado).','Implantação da ética comercial.','Manutenção da livre concorrência.','Garantia da liberdade de expressão.','Promoção da sustentabilidade ambiental.','Enfraquecimento dos direitos do consumidor. ','',1,4),(79,'2016','Mapa do mundo ','A projeção cartográfica do mapa configura-se como hegemônica desde a sua elaboração, no século XVI. A sua principal contribuição inovadora foi a','2016 - 8 - A1.png','Disponível em: http://portaldoprofessor.mec.gov.br. Acesso em: 12 ago. 2012.','redução comparativa das terras setentrionais.','manutenção da proporção real das áreas representadas.','consolidação das técnicas utilizadas nas cartas medievais.','valorização dos continentes recém-descobertos pelas Grandes Navegações.','adoção de um plano em que os paralelos fazem ângulos constantes com os meridianos.','',1,5),(80,'2016','Ações de educação patrimonial são realizadas  em diferentes contextos e localidades e têm mostrado  resultados surpreendentes ao trazer à tona a autoestima  das comunidades. Em alguns casos, promovem o  desenvolvimento local e indicam soluções inovadoras  de reconhecimento e salvaguarda do patrimônio cultural  para muitas populações.','A valorização dos bens mencionados encontra-se  correlacionada a ações educativas que promovem a(s)','','PELEGRINI, S. C. A.; PINHEIRO, A. P. (Orgs.). Tempo, memória e  patrimônio cultural. Piauí: Edupi, 2010.','evolução de atividades artesanais herdadas do  passado.',' representações sociais formadoras de identidades  coletivas.','mobilizações políticas criadoras de tradições  culturais urbanas.','hierarquização de festas folclóricas praticadas por  grupos locais.','formação escolar dos jovens para o trabalho realizado  nas comunidades.','',1,2),(81,'2016','O número de votantes potenciais em 1872 era de  1 097 698, o que correspondia a 10,8% da população  total. Esse número poderia chegar a 13%, quando  separamos os escravos dos demais indivíduos.  Em 1886, cinco anos depois de a Lei Saraiva ter sido  aprovada, o número de cidadãos que poderiam se  qualificar eleitores era de 117 022, isto é,0,8% da população.','A explicação para a alteração envolvendo o número de  eleitores no período é a','','CASTELLUCCI, A. A. S. Trabalhadores, máquina política e eleições na Primeira  República. Disponível em: www.ifch.unicamp.br. Acesso em: 28 jul. 2012. ','criação da Justiça Eleitoral.','exigência da alfabetização.','redução da renda nacional.',' exclusão do voto feminino.','coibição do voto de cabresto.','',1,2),(82,'2016','A justiça e a conformidade ao contrato consistem em algo com que a maioria dos homens parece concordar. Constitui um princípio julgado estender-se até os esconderijos dos ladrões e às confederações dos maiores vilões; até os que se afastaram a tal ponto da própria humanidade conservam entre si a fé e as regras da justiça.','De acordo com Locke, até a mais precária coletividade depende de uma noção de justiça, pois tal noção','','LOCKE, J. Ensaio acerca do entendimento humano. São Paulo: Nova Cultural, 2000 (adaptado).','identifica indivíduos despreparados para a vida em comum.','contribui com a manutenção da ordem e do equilíbrio social.','estabelece um conjunto de regras para a formação da sociedade.','determina o que é certo ou errado num contexto de interesses conflitantes.','representa os interesses da coletividade, expressos  pela vontade da maioria.','',1,2),(83,'2016','A geografia mundial da inovação dofreu uma reviravolta que mobiliza fatores humanos, financeiros e tecnológicos.  Esforço humano: com 1,15 milhão de pesquisadores,  a China dispõe de um potencial equivalente a 82% da  capacidade norte-americana e 79% da europeia; segundo  a National Science Foundation norte-americana, o país  deverá concentrar 30% de todos os pesquisadores do  mundo até 2025.  Esforço financeiro: em 2009, pela primeira vez, a China apresentou um orçamento para pesquisa que a  colocou em segundo lugar no mundo — ainda bastante  longe dos Estados Unidos, mas à frente do Japão.  Esforço tecnológico: em 2011, o país se tornou o  primeiro depositante mundial de patentes, graças a uma  estratégia nacional que visa passar do Made in China (produzido na China) para o Designed in China (projetado  na China).','O texto apresenta um novo fator a ser considerado  para refletir sobre o papel produtivo entre os países, representado pela','','CARROUÉ, L. Desindustrialização. Disponível em: www.diplomatique.org.br. Acesso em: 30 jul. 2013 (adaptado).','aplicação da ciência e tecnologia no desenvolvimento  produtivo, que aumenta o potencial inventivo.','ampliação da capacidade da indústria de base, que  coopera para diversificar os niveis produtivos.','exploração da mão de obra barata, que atrai fluxo de investimentos industriais para os países.','inserção de pesquisas aplicadas ao setor financeiro, que incentiva a livre concorrência.','transnacionalização do capital industrial, que eleva os  lucros em escala planetária.','',1,1),(84,'2016','A demanda da comunidade afro-brasileira por  reconhecimento, valorização e afirmação de direitos, no que diz respeito à educação, passou a ser particularmente apoiada com a promulgação da Lei 10.639/2003, que  alterou a Lei 9.394/1996, estabelecendo a obrigatoriedade  do ensino de história e cultura afro-brasileiras e africanas.','A alteração legal no Brasil contemporâneo descrita no  texto é resultado do processo de','','Diretrizes Curriculares Nacionais para a Educação das Relações Etnicorraciais e para  o Ensino de História e Cultura Afro-brasileira e Africana.  Brasília: Ministério da Educação, 2005.','aumento da renda nacional.',' mobilização do movimento negro.','melhoria da infraestrutura escolar.','ampliação das disciplinas obrigatórias.','politização das universidades públicas. ','',1,2),(85,'2016','A imagem da relação patrão-empregado geralmente  veiculada pelas classes dominantes brasileiras na  República Velha era de que esta relação se assemelhava  em muitos aspectos á relação entre pais e filhos. O patrão era uma espécie de “juiz doméstico” que procurava guiar  e aconselhar o trabalhador, que, em troca, devia realizar  suas tarefas com dedicação e respeitar o seu patrão.','No contexto da transição do trabalho escravo para o  trabalho livre, a construção da imagem descrita no texto  tinha por objetivo','','CHALHOUB, S. Trabalho, lar e botequim: o cotidiano dos trabalhadores do  Rio de Janeiro da Belle Époque. Campinas: Unicamp, 2001.','esvaziar o conflito de u,a relação baseada na desigualdade entre os indivíduos que dela  participavam.','driblar a lentidão da nascente Justiça do Trabalho, que não conseguia conter os conflitos cotidianos.','separar os âmbitos público e privado na organização do trabalho para aumentar a eficiência dos funcionários.','burlar a aplicação das leis trabalhistas conquistadas  pelos operários nos primeiros governos civis do  período republicano.','compensar os prejuízos econômicos sofridos pelas  elites em função da ausência de indenização pela  libertação dos escravos.','',1,1);
/*!40000 ALTER TABLE `questao` ENABLE KEYS */;
UNLOCK TABLES;

--
-- Table structure for table `respondendo`
--

DROP TABLE IF EXISTS `respondendo`;
/*!40101 SET @saved_cs_client     = @@character_set_client */;
/*!50503 SET character_set_client = utf8mb4 */;
CREATE TABLE `respondendo` (
  `idresposta` int NOT NULL AUTO_INCREMENT,
  `resultado` int NOT NULL,
  `hora` datetime DEFAULT NULL,
  `temporest` decimal(10,0) DEFAULT NULL,
  `temporesp` decimal(10,0) DEFAULT NULL,
  `idquest` int DEFAULT NULL,
  `idaluno` int DEFAULT NULL,
  PRIMARY KEY (`idresposta`),
  KEY `idquest` (`idquest`),
  KEY `idaluno` (`idaluno`),
  CONSTRAINT `respondendo_ibfk_1` FOREIGN KEY (`idquest`) REFERENCES `questao` (`idquest`),
  CONSTRAINT `respondendo_ibfk_2` FOREIGN KEY (`idaluno`) REFERENCES `usuario` (`iduser`)
) ENGINE=InnoDB DEFAULT CHARSET=utf8mb4 COLLATE=utf8mb4_0900_ai_ci;
/*!40101 SET character_set_client = @saved_cs_client */;

--
-- Dumping data for table `respondendo`
--

LOCK TABLES `respondendo` WRITE;
/*!40000 ALTER TABLE `respondendo` DISABLE KEYS */;
/*!40000 ALTER TABLE `respondendo` ENABLE KEYS */;
UNLOCK TABLES;

--
-- Table structure for table `resultado`
--

DROP TABLE IF EXISTS `resultado`;
/*!40101 SET @saved_cs_client     = @@character_set_client */;
/*!50503 SET character_set_client = utf8mb4 */;
CREATE TABLE `resultado` (
  `idresultado` int NOT NULL AUTO_INCREMENT,
  `codusuario` int DEFAULT NULL,
  `codquest` int DEFAULT NULL,
  `data_hora` datetime DEFAULT NULL,
  `resposta` int DEFAULT NULL,
  PRIMARY KEY (`idresultado`),
  KEY `coduser_idx` (`codusuario`),
  KEY `codquest_idx` (`codquest`),
  CONSTRAINT `codquest` FOREIGN KEY (`codquest`) REFERENCES `questao` (`idquest`),
  CONSTRAINT `coduser` FOREIGN KEY (`codusuario`) REFERENCES `usuario` (`iduser`)
) ENGINE=InnoDB AUTO_INCREMENT=78 DEFAULT CHARSET=utf8mb4 COLLATE=utf8mb4_0900_ai_ci;
/*!40101 SET character_set_client = @saved_cs_client */;

--
-- Dumping data for table `resultado`
--

LOCK TABLES `resultado` WRITE;
/*!40000 ALTER TABLE `resultado` DISABLE KEYS */;
INSERT INTO `resultado` VALUES (77,2,69,'2023-08-31 22:06:46',0);
/*!40000 ALTER TABLE `resultado` ENABLE KEYS */;
UNLOCK TABLES;

--
-- Table structure for table `usuario`
--

DROP TABLE IF EXISTS `usuario`;
/*!40101 SET @saved_cs_client     = @@character_set_client */;
/*!50503 SET character_set_client = utf8mb4 */;
CREATE TABLE `usuario` (
  `iduser` int NOT NULL AUTO_INCREMENT,
  `usuario` varchar(50) NOT NULL,
  `senha` varchar(20) DEFAULT NULL,
  `email` varchar(50) NOT NULL,
  `datanasc` date DEFAULT NULL,
  `erros` int DEFAULT '0',
  `acertos` int DEFAULT '0',
  `ranking` varchar(20) DEFAULT NULL,
  `curso` varchar(50) DEFAULT NULL,
  `escolafaculdade` varchar(50) DEFAULT NULL,
  `imagem` varchar(100) DEFAULT NULL,
  PRIMARY KEY (`iduser`)
) ENGINE=InnoDB AUTO_INCREMENT=14 DEFAULT CHARSET=utf8mb4 COLLATE=utf8mb4_0900_ai_ci;
/*!40101 SET character_set_client = @saved_cs_client */;

--
-- Dumping data for table `usuario`
--

LOCK TABLES `usuario` WRITE;
/*!40000 ALTER TABLE `usuario` DISABLE KEYS */;
INSERT INTO `usuario` VALUES (1,'David','adm123','adm@gmail.com','2000-05-02',3,3,NULL,NULL,NULL,''),(2,'Vinicius','vini123','viniciusleandropereira@gmail.com','2000-03-04',2,5,NULL,'TI','Campus IFC Sombrio',''),(3,'Luiz','luiz123','luizinho@gmail.com',NULL,9,6,NULL,NULL,NULL,NULL),(4,'joao','joao123','joao@gmail.com','0200-01-02',6,3,NULL,NULL,NULL,NULL),(5,'Tiago','123456','sdfghjkl@gmailcom',NULL,0,3,NULL,NULL,NULL,NULL),(6,'Dani','danilinda','danieladeoliveiramateus.sb@gmail.com',NULL,4,5,NULL,NULL,NULL,NULL),(7,'Guga','guga1234','gugacrispin@gmail.com',NULL,1,3,NULL,NULL,NULL,NULL),(8,'Nathália ','aleluia','natygvinny@gmail.com','2000-01-01',1,5,NULL,NULL,NULL,NULL),(9,'Kay','kay123','kay@gmail',NULL,0,1,NULL,NULL,NULL,NULL),(10,'JESSICALEANDRO','Gio290717','jessica.leandro1@outlook.com',NULL,3,0,NULL,NULL,NULL,NULL),(11,'nathiel','vinicius','nathielgames@gmail.com',NULL,0,3,NULL,NULL,NULL,NULL),(13,'pedro','123456789','jpjoao.j14@gmail.com',NULL,2,7,NULL,NULL,NULL,NULL);
/*!40000 ALTER TABLE `usuario` ENABLE KEYS */;
UNLOCK TABLES;
/*!40103 SET TIME_ZONE=@OLD_TIME_ZONE */;

/*!40101 SET SQL_MODE=@OLD_SQL_MODE */;
/*!40014 SET FOREIGN_KEY_CHECKS=@OLD_FOREIGN_KEY_CHECKS */;
/*!40014 SET UNIQUE_CHECKS=@OLD_UNIQUE_CHECKS */;
/*!40101 SET CHARACTER_SET_CLIENT=@OLD_CHARACTER_SET_CLIENT */;
/*!40101 SET CHARACTER_SET_RESULTS=@OLD_CHARACTER_SET_RESULTS */;
/*!40101 SET COLLATION_CONNECTION=@OLD_COLLATION_CONNECTION */;
/*!40111 SET SQL_NOTES=@OLD_SQL_NOTES */;

-- Dump completed on 2023-09-01 17:31:17
